{
  "summary": {
    "mean_accuracy": 94.91333333333334,
    "std_accuracy": 0.19601587237319035,
    "compression_ratio": 0.327
  }
}